NT,THT,THt,THQCr,CT,Ct,DT,Dt,QmT,TT,Tt,TCr,C,Si,Mn,P,S,Ni,Cr,Cu,Mo,RedRatio,dA,dB,dC,Fatigue
885,30,0,0,30,0,30,0,30,30,0,0,0.26,0.21,0.44,0.017,0.022,0.01,0.02,0.01,0,825,0.07,0.02,0.04,232
885,30,0,0,30,0,30,0,30,30,0,0,0.25,0.18,0.44,0.009,0.017,0.08,0.12,0.08,0,610,0.11,0,0.04,235
885,30,0,0,30,0,30,0,30,30,0,0,0.26,0.27,0.43,0.008,0.015,0.02,0.03,0.01,0,1270,0.07,0.02,0,235
885,30,0,0,30,0,30,0,30,30,0,0,0.26,0.23,0.51,0.018,0.024,0.01,0.02,0.01,0,1740,0.06,0,0,241
885,30,0,0,30,0,30,0,30,30,0,0,0.22,0.19,0.42,0.026,0.022,0.01,0.02,0.02,0,825,0.04,0.02,0,225
885,30,0,0,30,0,30,0,30,30,0,0,0.26,0.22,0.45,0.026,0.026,0.02,0.05,0.03,0,825,0.06,0.02,0.02,245
885,30,0,0,30,0,30,0,30,30,0,0,0.28,0.27,0.5,0.021,0.018,0.02,0.03,0.01,0,1270,0.08,0.01,0,255
885,30,0,0,30,0,30,0,30,30,0,0,0.27,0.25,0.54,0.02,0.021,0.01,0.02,0.02,0,1740,0.07,0,0,245
885,30,0,0,30,0,30,0,30,30,0,0,0.27,0.23,0.37,0.008,0.03,0.06,0.1,0.09,0,610,0.08,0,0.04,275
885,30,0,0,30,0,30,0,30,30,0,0,0.22,0.26,0.47,0.021,0.023,0.02,0.02,0.01,0,1270,0.04,0.03,0,239
885,30,0,0,30,0,30,0,30,30,0,0,0.23,0.26,0.51,0.029,0.024,0.01,0.03,0.03,0,1740,0.11,0,0,255
865,865,30,24,30,0,30,0,30,550,60,24,0.35,0.21,0.77,0.021,0.022,0.01,0.01,0.02,0,825,0.05,0.03,0,397
865,865,30,24,30,0,30,0,30,550,60,24,0.35,0.3,0.74,0.017,0.024,0.01,0.1,0.01,0,1270,0.07,0.02,0,419
865,865,30,24,30,0,30,0,30,550,60,24,0.34,0.26,0.74,0.012,0.015,0.01,0.02,0.01,0,1740,0.08,0,0,401
865,865,30,24,30,0,30,0,30,550,60,24,0.36,0.26,0.7,0.009,0.023,0.08,0.12,0.09,0,610,0.07,0,0.03,394
865,865,30,24,30,0,30,0,30,550,60,24,0.33,0.21,0.75,0.031,0.019,0.01,0.03,0.02,0,825,0.08,0,0,426
865,865,30,24,30,0,30,0,30,550,60,24,0.38,0.29,0.7,0.01,0.03,0.06,0.09,0.11,0,610,0.06,0.01,0.01,426
865,865,30,24,30,0,30,0,30,550,60,24,0.33,0.26,0.76,0.023,0.013,0.01,0.1,0.03,0,1270,0.08,0.02,0,454
865,865,30,24,30,0,30,0,30,550,60,24,0.32,0.26,0.73,0.015,0.019,0.02,0.02,0.03,0,1740,0.06,0,0,418
865,865,30,24,30,0,30,0,30,550,60,24,0.37,0.27,0.78,0.016,0.02,0.01,0.11,0.02,0,1270,0.13,0.01,0,416
865,865,30,24,30,0,30,0,30,550,60,24,0.35,0.25,0.82,0.016,0.023,0.03,0.01,0.01,0,825,0.07,0.04,0,395
865,865,30,24,30,0,30,0,30,550,60,24,0.37,0.24,0.72,0.015,0.02,0.02,0.02,0.02,0,1740,0.1,0,0,433
865,865,30,24,30,0,30,0,30,550,60,24,0.32,0.21,0.63,0.007,0.017,0.06,0.1,0.08,0,610,0.06,0.05,0.03,379
865,865,30,24,30,0,30,0,30,600,60,24,0.35,0.21,0.77,0.021,0.022,0.01,0.01,0.02,0,825,0.05,0.03,0,382
865,865,30,24,30,0,30,0,30,600,60,24,0.35,0.3,0.74,0.017,0.024,0.01,0.1,0.01,0,1270,0.07,0.02,0,385
865,865,30,24,30,0,30,0,30,600,60,24,0.34,0.26,0.74,0.012,0.015,0.01,0.02,0.01,0,1740,0.08,0,0,365
865,865,30,24,30,0,30,0,30,600,60,24,0.36,0.26,0.7,0.009,0.023,0.08,0.12,0.09,0,610,0.07,0,0.03,379
865,865,30,24,30,0,30,0,30,600,60,24,0.33,0.21,0.75,0.031,0.019,0.01,0.03,0.02,0,825,0.08,0,0,377
865,865,30,24,30,0,30,0,30,600,60,24,0.38,0.29,0.7,0.01,0.03,0.06,0.09,0.11,0,610,0.06,0.01,0.01,394
865,865,30,24,30,0,30,0,30,600,60,24,0.33,0.26,0.76,0.023,0.013,0.01,0.1,0.03,0,1270,0.08,0.02,0,425
865,865,30,24,30,0,30,0,30,600,60,24,0.32,0.26,0.73,0.015,0.019,0.02,0.02,0.03,0,1740,0.06,0,0,395
865,865,30,24,30,0,30,0,30,600,60,24,0.37,0.27,0.78,0.016,0.02,0.01,0.11,0.02,0,1270,0.13,0.01,0,393
865,865,30,24,30,0,30,0,30,600,60,24,0.35,0.25,0.82,0.016,0.023,0.03,0.01,0.01,0,825,0.07,0.04,0,375
865,865,30,24,30,0,30,0,30,600,60,24,0.37,0.24,0.72,0.015,0.02,0.02,0.02,0.02,0,1740,0.1,0,0,389
865,865,30,24,30,0,30,0,30,600,60,24,0.32,0.21,0.63,0.007,0.017,0.06,0.1,0.08,0,610,0.06,0.05,0.03,358
865,865,30,24,30,0,30,0,30,650,60,24,0.35,0.21,0.77,0.021,0.022,0.01,0.01,0.02,0,825,0.05,0.03,0,344
865,865,30,24,30,0,30,0,30,650,60,24,0.35,0.3,0.74,0.017,0.024,0.01,0.1,0.01,0,1270,0.07,0.02,0,369
865,865,30,24,30,0,30,0,30,650,60,24,0.34,0.26,0.74,0.012,0.015,0.01,0.02,0.01,0,1740,0.08,0,0,325
865,865,30,24,30,0,30,0,30,650,60,24,0.36,0.26,0.7,0.009,0.023,0.08,0.12,0.09,0,610,0.07,0,0.03,338
865,865,30,24,30,0,30,0,30,650,60,24,0.33,0.21,0.75,0.031,0.019,0.01,0.03,0.02,0,825,0.08,0,0,362
865,865,30,24,30,0,30,0,30,650,60,24,0.38,0.29,0.7,0.01,0.03,0.06,0.09,0.11,0,610,0.06,0.01,0.01,361
865,865,30,24,30,0,30,0,30,650,60,24,0.33,0.26,0.76,0.023,0.013,0.01,0.1,0.03,0,1270,0.08,0.02,0,385
865,865,30,24,30,0,30,0,30,650,60,24,0.32,0.26,0.73,0.015,0.019,0.02,0.02,0.03,0,1740,0.06,0,0,348
865,865,30,24,30,0,30,0,30,650,60,24,0.37,0.27,0.78,0.016,0.02,0.01,0.11,0.02,0,1270,0.13,0.01,0,368
865,865,30,24,30,0,30,0,30,650,60,24,0.35,0.25,0.82,0.016,0.023,0.03,0.01,0.01,0,825,0.07,0.04,0,341
865,865,30,24,30,0,30,0,30,650,60,24,0.37,0.24,0.72,0.015,0.02,0.02,0.02,0.02,0,1740,0.1,0,0,365
865,865,30,24,30,0,30,0,30,650,60,24,0.32,0.21,0.63,0.007,0.017,0.06,0.1,0.08,0,610,0.06,0.05,0.03,325
845,845,30,24,30,0,30,0,30,550,60,24,0.45,0.25,0.79,0.018,0.016,0.02,0.13,0.02,0,1740,0.07,0,0,513
845,845,30,24,30,0,30,0,30,550,60,24,0.45,0.26,0.76,0.027,0.019,0.01,0.11,0.02,0,1270,0.12,0.01,0,448
845,845,30,24,30,0,30,0,30,550,60,24,0.45,0.24,0.71,0.01,0.009,0.12,0.06,0.13,0,610,0.06,0,0.01,465
845,845,30,24,30,0,30,0,30,550,60,24,0.44,0.24,0.82,0.021,0.021,0.03,0.02,0.02,0,825,0.1,0.03,0.01,446
845,845,30,24,30,0,30,0,30,550,60,24,0.42,0.22,0.78,0.022,0.02,0.01,0.02,0.03,0,825,0.11,0.04,0,437
845,845,30,24,30,0,30,0,30,550,60,24,0.48,0.25,0.75,0.024,0.022,0.02,0.1,0.01,0,1740,0.08,0,0,502
845,845,30,24,30,0,30,0,30,550,60,24,0.47,0.25,0.72,0.015,0.01,0.13,0.04,0.04,0,610,0.04,0,0.03,465
845,845,30,24,30,0,30,0,30,550,60,24,0.43,0.22,0.83,0.017,0.016,0.01,0.12,0.01,0,1740,0.06,0,0,475
845,845,30,24,30,0,30,0,30,550,60,24,0.49,0.26,0.8,0.027,0.023,0.02,0.09,0.01,0,1270,0.13,0.01,0,504
845,845,30,24,30,0,30,0,30,550,60,24,0.45,0.25,0.79,0.011,0.025,0.12,0.04,0.15,0,610,0.09,0,0.04,486
845,845,30,24,30,0,30,0,30,550,60,24,0.42,0.26,0.7,0.024,0.01,0.01,0.1,0.01,0,1270,0.04,0.01,0,452
845,845,30,24,30,0,30,0,30,600,60,24,0.45,0.25,0.79,0.018,0.016,0.02,0.13,0.02,0,1740,0.07,0,0,459
845,845,30,24,30,0,30,0,30,600,60,24,0.45,0.26,0.76,0.027,0.019,0.01,0.11,0.02,0,1270,0.12,0.01,0,415
845,845,30,24,30,0,30,0,30,600,60,24,0.45,0.24,0.71,0.01,0.009,0.12,0.06,0.13,0,610,0.06,0,0.01,437
845,845,30,24,30,0,30,0,30,600,60,24,0.44,0.24,0.82,0.021,0.021,0.03,0.02,0.02,0,825,0.1,0.03,0.01,415
845,845,30,24,30,0,30,0,30,600,60,24,0.42,0.22,0.78,0.022,0.02,0.01,0.02,0.03,0,825,0.11,0.04,0,401
845,845,30,24,30,0,30,0,30,600,60,24,0.48,0.25,0.75,0.024,0.022,0.02,0.1,0.01,0,1740,0.08,0,0,463
845,845,30,24,30,0,30,0,30,600,60,24,0.47,0.25,0.72,0.015,0.01,0.13,0.04,0.04,0,610,0.04,0,0.03,442
845,845,30,24,30,0,30,0,30,600,60,24,0.43,0.22,0.83,0.017,0.016,0.01,0.12,0.01,0,1740,0.06,0,0,438
845,845,30,24,30,0,30,0,30,600,60,24,0.49,0.26,0.8,0.027,0.023,0.02,0.09,0.01,0,1270,0.13,0.01,0,468
845,845,30,24,30,0,30,0,30,600,60,24,0.45,0.25,0.79,0.011,0.025,0.12,0.04,0.15,0,610,0.09,0,0.04,452
845,845,30,24,30,0,30,0,30,600,60,24,0.42,0.26,0.7,0.024,0.01,0.01,0.1,0.01,0,1270,0.04,0.01,0,422
845,845,30,24,30,0,30,0,30,650,60,24,0.45,0.25,0.79,0.018,0.016,0.02,0.13,0.02,0,1740,0.07,0,0,413
845,845,30,24,30,0,30,0,30,650,60,24,0.45,0.26,0.76,0.027,0.019,0.01,0.11,0.02,0,1270,0.12,0.01,0,395
845,845,30,24,30,0,30,0,30,650,60,24,0.45,0.24,0.71,0.01,0.009,0.12,0.06,0.13,0,610,0.06,0,0.01,398
845,845,30,24,30,0,30,0,30,650,60,24,0.44,0.24,0.82,0.021,0.021,0.03,0.02,0.02,0,825,0.1,0.03,0.01,378
845,845,30,24,30,0,30,0,30,650,60,24,0.42,0.22,0.78,0.022,0.02,0.01,0.02,0.03,0,825,0.11,0.04,0,372
845,845,30,24,30,0,30,0,30,650,60,24,0.48,0.25,0.75,0.024,0.022,0.02,0.1,0.01,0,1740,0.08,0,0,415
845,845,30,24,30,0,30,0,30,650,60,24,0.47,0.25,0.72,0.015,0.01,0.13,0.04,0.04,0,610,0.04,0,0.03,396
845,845,30,24,30,0,30,0,30,650,60,24,0.43,0.22,0.83,0.017,0.016,0.01,0.12,0.01,0,1740,0.06,0,0,388
845,845,30,24,30,0,30,0,30,650,60,24,0.49,0.26,0.8,0.027,0.023,0.02,0.09,0.01,0,1270,0.13,0.01,0,415
845,845,30,24,30,0,30,0,30,650,60,24,0.45,0.25,0.79,0.011,0.025,0.12,0.04,0.15,0,610,0.09,0,0.04,398
845,845,30,24,30,0,30,0,30,650,60,24,0.42,0.26,0.7,0.024,0.01,0.01,0.1,0.01,0,1270,0.04,0.01,0,382
825,825,30,24,30,0,30,0,30,550,60,24,0.55,0.23,0.76,0.018,0.012,0.01,0.09,0.01,0,1740,0.07,0,0,523
825,825,30,24,30,0,30,0,30,550,60,24,0.54,0.26,0.76,0.022,0.021,0.02,0.12,0.01,0,1270,0.08,0.01,0,534
825,825,30,24,30,0,30,0,30,550,60,24,0.52,0.29,0.83,0.016,0.025,0.04,0.04,0.02,0,825,0.12,0.02,0,489
825,825,30,24,30,0,30,0,30,550,60,24,0.56,0.26,0.37,0.019,0.026,0.04,0.13,0.11,0,660,0.06,0,0,500
825,825,30,24,30,0,30,0,30,550,60,24,0.54,0.2,0.75,0.013,0.019,0.01,0.01,0.01,0,825,0.1,0,0,495
825,825,30,24,30,0,30,0,30,550,60,24,0.57,0.23,0.74,0.018,0.017,0.01,0.12,0.02,0,1740,0.08,0,0,522
825,825,30,24,30,0,30,0,30,550,60,24,0.53,0.3,0.83,0.019,0.026,0.02,0.12,0.01,0,1270,0.09,0,0,531
825,825,30,24,30,0,30,0,30,550,60,24,0.57,0.3,0.82,0.024,0.022,0.02,0.1,0.01,0,1270,0.1,0.01,0,533
825,825,30,24,30,0,30,0,30,550,60,24,0.56,0.25,0.68,0.009,0.023,0.03,0.1,0.03,0,610,0.06,0,0.04,492
825,825,30,24,30,0,30,0,30,550,60,24,0.52,0.21,0.8,0.021,0.021,0.02,0.1,0.02,0,1740,0.09,0,0,505
825,825,30,24,30,0,30,0,30,550,60,24,0.54,0.27,0.7,0.017,0.02,0.06,0.1,0.22,0,610,0.08,0,0.04,541
825,825,30,24,30,0,30,0,30,600,60,24,0.55,0.23,0.76,0.018,0.012,0.01,0.09,0.01,0,1740,0.07,0,0,468
825,825,30,24,30,0,30,0,30,600,60,24,0.54,0.26,0.76,0.022,0.021,0.02,0.12,0.01,0,1270,0.08,0.01,0,459
825,825,30,24,30,0,30,0,30,600,60,24,0.52,0.29,0.83,0.016,0.025,0.04,0.04,0.02,0,825,0.12,0.02,0,444
825,825,30,24,30,0,30,0,30,600,60,24,0.56,0.26,0.37,0.019,0.026,0.04,0.13,0.11,0,660,0.06,0,0,458
825,825,30,24,30,0,30,0,30,600,60,24,0.54,0.2,0.75,0.013,0.019,0.01,0.01,0.01,0,825,0.1,0,0,445
825,825,30,24,30,0,30,0,30,600,60,24,0.57,0.23,0.74,0.018,0.017,0.01,0.12,0.02,0,1740,0.08,0,0,464
825,825,30,24,30,0,30,0,30,600,60,24,0.53,0.3,0.83,0.019,0.026,0.02,0.12,0.01,0,1270,0.09,0,0,466
825,825,30,24,30,0,30,0,30,600,60,24,0.57,0.3,0.82,0.024,0.022,0.02,0.1,0.01,0,1270,0.1,0.01,0,486
825,825,30,24,30,0,30,0,30,600,60,24,0.56,0.25,0.68,0.009,0.023,0.03,0.1,0.03,0,610,0.06,0,0.04,461
825,825,30,24,30,0,30,0,30,600,60,24,0.52,0.21,0.8,0.021,0.021,0.02,0.1,0.02,0,1740,0.09,0,0,464
825,825,30,24,30,0,30,0,30,600,60,24,0.54,0.27,0.7,0.017,0.02,0.06,0.1,0.22,0,610,0.08,0,0.04,475
825,825,30,24,30,0,30,0,30,650,60,24,0.55,0.23,0.76,0.018,0.012,0.01,0.09,0.01,0,1740,0.07,0,0,419
825,825,30,24,30,0,30,0,30,650,60,24,0.54,0.26,0.76,0.022,0.021,0.02,0.12,0.01,0,1270,0.08,0.01,0,418
825,825,30,24,30,0,30,0,30,650,60,24,0.52,0.29,0.83,0.016,0.025,0.04,0.04,0.02,0,825,0.12,0.02,0,402
825,825,30,24,30,0,30,0,30,650,60,24,0.56,0.26,0.37,0.019,0.026,0.04,0.13,0.11,0,660,0.06,0,0,398
825,825,30,24,30,0,30,0,30,650,60,24,0.54,0.2,0.75,0.013,0.019,0.01,0.01,0.01,0,825,0.1,0,0,411
825,825,30,24,30,0,30,0,30,650,60,24,0.57,0.23,0.74,0.018,0.017,0.01,0.12,0.02,0,1740,0.08,0,0,428
825,825,30,24,30,0,30,0,30,650,60,24,0.53,0.3,0.83,0.019,0.026,0.02,0.12,0.01,0,1270,0.09,0,0,415
825,825,30,24,30,0,30,0,30,650,60,24,0.57,0.3,0.82,0.024,0.022,0.02,0.1,0.01,0,1270,0.1,0.01,0,425
825,825,30,24,30,0,30,0,30,650,60,24,0.56,0.25,0.68,0.009,0.023,0.03,0.1,0.03,0,610,0.06,0,0.04,412
825,825,30,24,30,0,30,0,30,650,60,24,0.52,0.21,0.8,0.021,0.021,0.02,0.1,0.02,0,1740,0.09,0,0,410
825,825,30,24,30,0,30,0,30,650,60,24,0.54,0.27,0.7,0.017,0.02,0.06,0.1,0.22,0,610,0.08,0,0.04,415
870,855,30,8,30,0,30,0,30,550,60,24,0.43,0.24,0.74,0.022,0.013,0.03,1.12,0.02,0,1740,0.03,0,0,582
870,855,30,8,30,0,30,0,30,550,60,24,0.42,0.27,0.71,0.01,0.008,0.02,0.96,0.04,0,820,0.01,0,0.01,524
870,855,30,8,30,0,30,0,30,550,60,24,0.4,0.31,0.78,0.012,0.01,0.07,1.1,0.13,0,1120,0.02,0,0.03,583
870,855,30,8,30,0,30,0,30,550,60,24,0.42,0.22,0.72,0.016,0.014,0.03,1.06,0.01,0,1740,0.03,0,0.01,569
870,855,30,8,30,0,30,0,30,550,60,24,0.39,0.25,0.73,0.011,0.005,0.06,0.98,0.11,0,820,0.01,0.01,0.01,536
870,855,30,8,30,0,30,0,30,550,60,24,0.42,0.32,0.81,0.014,0.007,0.03,1.09,0.04,0,1120,0.01,0,0.01,577
870,855,30,8,30,0,30,0,30,550,60,24,0.42,0.26,0.78,0.01,0.004,0.04,0.94,0.05,0,820,0.03,0,0.02,565
870,855,30,8,30,0,30,0,30,550,60,24,0.4,0.32,0.79,0.013,0.011,0.05,1.09,0.04,0,1120,0.02,0,0.01,562
870,855,30,8,30,0,30,0,30,600,60,24,0.43,0.24,0.74,0.022,0.013,0.03,1.12,0.02,0,1740,0.03,0,0,522
870,855,30,8,30,0,30,0,30,600,60,24,0.42,0.27,0.71,0.01,0.008,0.02,0.96,0.04,0,820,0.01,0,0.01,504
870,855,30,8,30,0,30,0,30,600,60,24,0.4,0.31,0.78,0.012,0.01,0.07,1.1,0.13,0,1120,0.02,0,0.03,516
870,855,30,8,30,0,30,0,30,600,60,24,0.42,0.22,0.72,0.016,0.014,0.03,1.06,0.01,0,1740,0.03,0,0.01,517
870,855,30,8,30,0,30,0,30,600,60,24,0.39,0.25,0.73,0.011,0.005,0.06,0.98,0.11,0,820,0.01,0.01,0.01,511
870,855,30,8,30,0,30,0,30,600,60,24,0.42,0.32,0.81,0.014,0.007,0.03,1.09,0.04,0,1120,0.01,0,0.01,518
870,855,30,8,30,0,30,0,30,600,60,24,0.42,0.26,0.78,0.01,0.004,0.04,0.94,0.05,0,820,0.03,0,0.02,524
870,855,30,8,30,0,30,0,30,600,60,24,0.4,0.32,0.79,0.013,0.011,0.05,1.09,0.04,0,1120,0.02,0,0.01,503
870,855,30,8,30,0,30,0,30,650,60,24,0.43,0.24,0.74,0.022,0.013,0.03,1.12,0.02,0,1740,0.03,0,0,483
870,855,30,8,30,0,30,0,30,650,60,24,0.42,0.27,0.71,0.01,0.008,0.02,0.96,0.04,0,820,0.01,0,0.01,457
870,855,30,8,30,0,30,0,30,650,60,24,0.4,0.31,0.78,0.012,0.01,0.07,1.1,0.13,0,1120,0.02,0,0.03,482
870,855,30,8,30,0,30,0,30,650,60,24,0.42,0.22,0.72,0.016,0.014,0.03,1.06,0.01,0,1740,0.03,0,0.01,470
870,855,30,8,30,0,30,0,30,650,60,24,0.39,0.25,0.73,0.011,0.005,0.06,0.98,0.11,0,820,0.01,0.01,0.01,459
870,855,30,8,30,0,30,0,30,650,60,24,0.42,0.32,0.81,0.014,0.007,0.03,1.09,0.04,0,1120,0.01,0,0.01,490
870,855,30,8,30,0,30,0,30,650,60,24,0.42,0.26,0.78,0.01,0.004,0.04,0.94,0.05,0,820,0.03,0,0.02,485
870,855,30,8,30,0,30,0,30,650,60,24,0.4,0.32,0.79,0.013,0.011,0.05,1.09,0.04,0,1120,0.02,0,0.01,483
870,855,30,8,30,0,30,0,30,550,60,24,0.36,0.3,0.73,0.017,0.016,0.05,1.01,0.19,0.16,820,0.08,0,0.01,587
870,855,30,8,30,0,30,0,30,550,60,24,0.35,0.3,0.7,0.019,0.012,0.02,1.03,0.01,0.15,1250,0,0,0.02,571
870,855,30,8,30,0,30,0,30,550,60,24,0.36,0.27,0.79,0.012,0.007,0.03,1.03,0.04,0.17,1120,0,0,0.01,578
870,855,30,8,30,0,30,0,30,550,60,24,0.36,0.23,0.81,0.014,0.022,0.05,0.99,0.08,0.16,530,0.02,0,0,526
870,855,30,8,30,0,30,0,30,550,60,24,0.34,0.25,0.72,0.019,0.011,0.12,1.01,0.1,0.17,500,0.08,0,0.01,535
870,855,30,8,30,0,30,0,30,550,60,24,0.36,0.35,0.74,0.016,0.02,0.05,0.97,0.12,0.15,740,0.02,0,0.01,572
870,855,30,8,30,0,30,0,30,550,60,24,0.37,0.23,0.82,0.012,0.017,0.04,1.09,0.05,0.16,530,0.01,0.01,0,562
870,855,30,8,30,0,30,0,30,550,60,24,0.35,0.25,0.8,0.02,0.017,0.08,0.99,0.18,0.19,1120,0.03,0,0.01,563
870,855,30,8,30,0,30,0,30,550,60,24,0.35,0.25,0.71,0.02,0.013,0.02,1.06,0.02,0.17,1740,0.05,0,0,583
870,855,30,8,30,0,30,0,30,550,60,24,0.33,0.27,0.69,0.015,0.008,0.04,0.99,0.05,0.18,640,0.03,0,0,585
870,855,30,8,30,0,30,0,30,550,60,24,0.35,0.25,0.7,0.026,0.018,0.01,1,0.02,0.16,820,0.1,0,0,592
870,855,30,8,30,0,30,0,30,550,60,24,0.37,0.29,0.76,0.017,0.009,0.12,1.01,0.12,0.16,500,0.05,0,0.02,573
870,855,30,8,30,0,30,0,30,550,60,24,0.38,0.27,0.8,0.015,0.012,0.07,1.07,0.12,0.16,1120,0.03,0,0.02,536
870,855,30,8,30,0,30,0,30,550,60,24,0.34,0.29,0.71,0.019,0.013,0.11,1.05,0.12,0.16,500,0.08,0,0,557
870,855,30,8,30,0,30,0,30,600,60,24,0.36,0.3,0.73,0.017,0.016,0.05,1.01,0.19,0.16,820,0.08,0,0.01,552
870,855,30,8,30,0,30,0,30,600,60,24,0.35,0.3,0.7,0.019,0.012,0.02,1.03,0.01,0.15,1250,0,0,0.02,519
870,855,30,8,30,0,30,0,30,600,60,24,0.36,0.27,0.79,0.012,0.007,0.03,1.03,0.04,0.17,1120,0,0,0.01,524
870,855,30,8,30,0,30,0,30,600,60,24,0.36,0.23,0.81,0.014,0.022,0.05,0.99,0.08,0.16,530,0.02,0,0,508
870,855,30,8,30,0,30,0,30,600,60,24,0.34,0.25,0.72,0.019,0.011,0.12,1.01,0.1,0.17,500,0.08,0,0.01,490
870,855,30,8,30,0,30,0,30,600,60,24,0.36,0.35,0.74,0.016,0.02,0.05,0.97,0.12,0.15,740,0.02,0,0.01,550
870,855,30,8,30,0,30,0,30,600,60,24,0.37,0.23,0.82,0.012,0.017,0.04,1.09,0.05,0.16,530,0.01,0.01,0,515
870,855,30,8,30,0,30,0,30,600,60,24,0.35,0.25,0.8,0.02,0.017,0.08,0.99,0.18,0.19,1120,0.03,0,0.01,530
870,855,30,8,30,0,30,0,30,600,60,24,0.35,0.25,0.71,0.02,0.013,0.02,1.06,0.02,0.17,1740,0.05,0,0,546
870,855,30,8,30,0,30,0,30,600,60,24,0.33,0.27,0.69,0.015,0.008,0.04,0.99,0.05,0.18,640,0.03,0,0,535
870,855,30,8,30,0,30,0,30,600,60,24,0.35,0.25,0.7,0.026,0.018,0.01,1,0.02,0.16,820,0.1,0,0,550
870,855,30,8,30,0,30,0,30,600,60,24,0.37,0.29,0.76,0.017,0.009,0.12,1.01,0.12,0.16,500,0.05,0,0.02,542
870,855,30,8,30,0,30,0,30,600,60,24,0.38,0.27,0.8,0.015,0.012,0.07,1.07,0.12,0.16,1120,0.03,0,0.02,592
870,855,30,8,30,0,30,0,30,600,60,24,0.34,0.29,0.71,0.019,0.013,0.11,1.05,0.12,0.16,500,0.08,0,0,524
870,855,30,8,30,0,30,0,30,650,60,24,0.36,0.3,0.73,0.017,0.016,0.05,1.01,0.19,0.16,820,0.08,0,0.01,497
870,855,30,8,30,0,30,0,30,650,60,24,0.35,0.3,0.7,0.019,0.012,0.02,1.03,0.01,0.15,1250,0,0,0.02,491
870,855,30,8,30,0,30,0,30,650,60,24,0.36,0.27,0.79,0.012,0.007,0.03,1.03,0.04,0.17,1120,0,0,0.01,463
870,855,30,8,30,0,30,0,30,650,60,24,0.36,0.23,0.81,0.014,0.022,0.05,0.99,0.08,0.16,530,0.02,0,0,464
870,855,30,8,30,0,30,0,30,650,60,24,0.34,0.25,0.72,0.019,0.011,0.12,1.01,0.1,0.17,500,0.08,0,0.01,459
870,855,30,8,30,0,30,0,30,650,60,24,0.36,0.35,0.74,0.016,0.02,0.05,0.97,0.12,0.15,740,0.02,0,0.01,489
870,855,30,8,30,0,30,0,30,650,60,24,0.37,0.23,0.82,0.012,0.017,0.04,1.09,0.05,0.16,530,0.01,0.01,0,477
870,855,30,8,30,0,30,0,30,650,60,24,0.35,0.25,0.8,0.02,0.017,0.08,0.99,0.18,0.19,1120,0.03,0,0.01,469
870,855,30,8,30,0,30,0,30,650,60,24,0.35,0.25,0.71,0.02,0.013,0.02,1.06,0.02,0.17,1740,0.05,0,0,496
870,855,30,8,30,0,30,0,30,650,60,24,0.33,0.27,0.69,0.015,0.008,0.04,0.99,0.05,0.18,640,0.03,0,0,467
870,855,30,8,30,0,30,0,30,650,60,24,0.35,0.25,0.7,0.026,0.018,0.01,1,0.02,0.16,820,0.1,0,0,511
870,855,30,8,30,0,30,0,30,650,60,24,0.37,0.29,0.76,0.017,0.009,0.12,1.01,0.12,0.16,500,0.05,0,0.02,490
870,855,30,8,30,0,30,0,30,650,60,24,0.38,0.27,0.8,0.015,0.012,0.07,1.07,0.12,0.16,1120,0.03,0,0.02,523
870,855,30,8,30,0,30,0,30,650,60,24,0.34,0.29,0.71,0.019,0.013,0.11,1.05,0.12,0.16,500,0.08,0,0,476
870,855,30,8,30,0,30,0,30,550,60,24,0.41,0.24,0.77,0.014,0.015,0.04,1.06,0.05,0.2,530,0.03,0,0,610
870,855,30,8,30,0,30,0,30,550,60,24,0.39,0.27,0.86,0.019,0.008,0.1,0.96,0.12,0.17,500,0.08,0,0.01,581
870,855,30,8,30,0,30,0,30,550,60,24,0.43,0.26,0.74,0.019,0.012,0.02,1.07,0.02,0.22,1740,0.06,0,0,625
870,855,30,8,30,0,30,0,30,550,60,24,0.4,0.26,0.77,0.018,0.005,0.05,0.98,0.13,0.17,610,0.05,0,0.01,562
870,855,30,8,30,0,30,0,30,550,60,24,0.41,0.24,0.8,0.015,0.024,0.03,1.02,0.1,0.18,510,0.04,0,0.01,635
870,855,30,8,30,0,30,0,30,550,60,24,0.41,0.25,0.74,0.013,0.019,0.05,0.99,0.08,0.16,700,0.03,0,0,566
870,855,30,8,30,0,30,0,30,550,60,24,0.39,0.28,0.77,0.021,0.018,0.09,1.08,0.15,0.19,1120,0.02,0,0.01,638
870,855,30,8,30,0,30,0,30,550,60,24,0.37,0.24,0.69,0.018,0.016,0.02,1,0.02,0.19,1740,0.06,0,0.01,606
870,855,30,8,30,0,30,0,30,550,60,24,0.42,0.29,0.77,0.015,0.017,0.12,1.1,0.09,0.15,500,0.09,0.01,0.01,582
870,855,30,8,30,0,30,0,30,550,60,24,0.42,0.28,0.75,0.015,0.008,0.07,1.04,0.12,0.17,820,0.04,0,0.01,634
870,855,30,8,30,0,30,0,30,550,60,24,0.4,0.26,0.74,0.024,0.017,0.13,1.01,0.15,0.17,500,0.1,0,0,585
870,855,30,8,30,0,30,0,30,550,60,24,0.4,0.25,0.87,0.011,0.015,0.07,1.06,0.11,0.18,700,0.07,0.01,0,603
870,855,30,8,30,0,30,0,30,550,60,24,0.4,0.22,0.7,0.01,0.004,0.04,0.94,0.12,0.17,820,0.02,0,0.02,625
870,855,30,8,30,0,30,0,30,550,60,24,0.4,0.25,0.74,0.014,0.028,0.24,0.96,0.1,0.18,510,0.04,0,0.03,631
870,855,30,8,30,0,30,0,30,550,60,24,0.44,0.26,0.75,0.017,0.012,0.02,1.05,0.02,0.21,1740,0.04,0,0,625
870,855,30,8,30,0,30,0,30,600,60,24,0.41,0.24,0.77,0.014,0.015,0.04,1.06,0.05,0.2,530,0.03,0,0,551
870,855,30,8,30,0,30,0,30,600,60,24,0.39,0.27,0.86,0.019,0.008,0.1,0.96,0.12,0.17,500,0.08,0,0.01,539
870,855,30,8,30,0,30,0,30,600,60,24,0.43,0.26,0.74,0.019,0.012,0.02,1.07,0.02,0.22,1740,0.06,0,0,564
870,855,30,8,30,0,30,0,30,600,60,24,0.4,0.26,0.77,0.018,0.005,0.05,0.98,0.13,0.17,610,0.05,0,0.01,550
870,855,30,8,30,0,30,0,30,600,60,24,0.41,0.24,0.8,0.015,0.024,0.03,1.02,0.1,0.18,510,0.04,0,0.01,590
870,855,30,8,30,0,30,0,30,600,60,24,0.41,0.25,0.74,0.013,0.019,0.05,0.99,0.08,0.16,700,0.03,0,0,527
870,855,30,8,30,0,30,0,30,600,60,24,0.39,0.28,0.77,0.021,0.018,0.09,1.08,0.15,0.19,1120,0.02,0,0.01,557
870,855,30,8,30,0,30,0,30,600,60,24,0.37,0.24,0.69,0.018,0.016,0.02,1,0.02,0.19,1740,0.06,0,0.01,551
870,855,30,8,30,0,30,0,30,600,60,24,0.42,0.29,0.77,0.015,0.017,0.12,1.1,0.09,0.15,500,0.09,0.01,0.01,583
870,855,30,8,30,0,30,0,30,600,60,24,0.42,0.28,0.75,0.015,0.008,0.07,1.04,0.12,0.17,820,0.04,0,0.01,570
870,855,30,8,30,0,30,0,30,600,60,24,0.4,0.26,0.74,0.024,0.017,0.13,1.01,0.15,0.17,500,0.1,0,0,543
870,855,30,8,30,0,30,0,30,600,60,24,0.4,0.25,0.87,0.011,0.015,0.07,1.06,0.11,0.18,700,0.07,0.01,0,543
870,855,30,8,30,0,30,0,30,600,60,24,0.4,0.22,0.7,0.01,0.004,0.04,0.94,0.12,0.17,820,0.02,0,0.02,563
870,855,30,8,30,0,30,0,30,600,60,24,0.4,0.25,0.74,0.014,0.028,0.24,0.96,0.1,0.18,510,0.04,0,0.03,577
870,855,30,8,30,0,30,0,30,600,60,24,0.44,0.26,0.75,0.017,0.012,0.02,1.05,0.02,0.21,1740,0.04,0,0,578
870,855,30,8,30,0,30,0,30,650,60,24,0.41,0.24,0.77,0.014,0.015,0.04,1.06,0.05,0.2,530,0.03,0,0,490
870,855,30,8,30,0,30,0,30,650,60,24,0.39,0.27,0.86,0.019,0.008,0.1,0.96,0.12,0.17,500,0.08,0,0.01,496
870,855,30,8,30,0,30,0,30,650,60,24,0.43,0.26,0.74,0.019,0.012,0.02,1.07,0.02,0.22,1740,0.06,0,0,511
870,855,30,8,30,0,30,0,30,650,60,24,0.4,0.26,0.77,0.018,0.005,0.05,0.98,0.13,0.17,610,0.05,0,0.01,494
870,855,30,8,30,0,30,0,30,650,60,24,0.41,0.24,0.8,0.015,0.024,0.03,1.02,0.1,0.18,510,0.04,0,0.01,517
870,855,30,8,30,0,30,0,30,650,60,24,0.41,0.25,0.74,0.013,0.019,0.05,0.99,0.08,0.16,700,0.03,0,0,480
870,855,30,8,30,0,30,0,30,650,60,24,0.39,0.28,0.77,0.021,0.018,0.09,1.08,0.15,0.19,1120,0.02,0,0.01,502
870,855,30,8,30,0,30,0,30,650,60,24,0.37,0.24,0.69,0.018,0.016,0.02,1,0.02,0.19,1740,0.06,0,0.01,504
870,855,30,8,30,0,30,0,30,650,60,24,0.42,0.29,0.77,0.015,0.017,0.12,1.1,0.09,0.15,500,0.09,0.01,0.01,505
870,855,30,8,30,0,30,0,30,650,60,24,0.42,0.28,0.75,0.015,0.008,0.07,1.04,0.12,0.17,820,0.04,0,0.01,502
870,855,30,8,30,0,30,0,30,650,60,24,0.4,0.26,0.74,0.024,0.017,0.13,1.01,0.15,0.17,500,0.1,0,0,496
870,855,30,8,30,0,30,0,30,650,60,24,0.4,0.25,0.87,0.011,0.015,0.07,1.06,0.11,0.18,700,0.07,0.01,0,501
870,855,30,8,30,0,30,0,30,650,60,24,0.4,0.22,0.7,0.01,0.004,0.04,0.94,0.12,0.17,820,0.02,0,0.02,517
870,855,30,8,30,0,30,0,30,650,60,24,0.4,0.25,0.74,0.014,0.028,0.24,0.96,0.1,0.18,510,0.04,0,0.03,523
870,855,30,8,30,0,30,0,30,650,60,24,0.44,0.26,0.75,0.017,0.012,0.02,1.05,0.02,0.21,1740,0.04,0,0,516
870,845,30,8,30,0,30,0,30,550,60,24,0.39,0.22,1.57,0.017,0.018,0.05,0.13,0.06,0,480,0.01,0,0.01,486
870,845,30,8,30,0,30,0,30,550,60,24,0.38,0.27,1.52,0.012,0.007,0.03,0.13,0.07,0,610,0.03,0,0.01,427
870,845,30,8,30,0,30,0,30,550,60,24,0.4,0.25,1.34,0.017,0.015,0.02,0.13,0.02,0,1740,0.06,0,0.01,510
870,845,30,8,30,0,30,0,30,550,60,24,0.4,0.22,1.56,0.011,0.019,0.06,0.09,0.05,0,530,0.02,0,0.01,451
870,845,30,8,30,0,30,0,30,550,60,24,0.41,0.24,1.51,0.02,0.008,0.04,0.22,0.08,0,610,0.02,0.01,0.02,425
870,845,30,8,30,0,30,0,30,550,60,24,0.38,0.21,1.59,0.017,0.015,0.03,0.2,0.05,0,480,0.02,0,0,432
870,845,30,8,30,0,30,0,30,550,60,24,0.4,0.25,1.38,0.017,0.012,0.02,0.03,0.02,0,1740,0.06,0,0.01,482
870,845,30,8,30,0,30,0,30,600,60,24,0.39,0.22,1.57,0.017,0.018,0.05,0.13,0.06,0,480,0.01,0,0.01,435
870,845,30,8,30,0,30,0,30,600,60,24,0.38,0.27,1.52,0.012,0.007,0.03,0.13,0.07,0,610,0.03,0,0.01,406
870,845,30,8,30,0,30,0,30,600,60,24,0.4,0.25,1.34,0.017,0.015,0.02,0.13,0.02,0,1740,0.06,0,0.01,470
870,845,30,8,30,0,30,0,30,600,60,24,0.4,0.22,1.56,0.011,0.019,0.06,0.09,0.05,0,530,0.02,0,0.01,438
870,845,30,8,30,0,30,0,30,600,60,24,0.41,0.24,1.51,0.02,0.008,0.04,0.22,0.08,0,610,0.02,0.01,0.02,404
870,845,30,8,30,0,30,0,30,600,60,24,0.38,0.21,1.59,0.017,0.015,0.03,0.2,0.05,0,480,0.02,0,0,406
870,845,30,8,30,0,30,0,30,600,60,24,0.4,0.25,1.38,0.017,0.012,0.02,0.03,0.02,0,1740,0.06,0,0.01,443
870,845,30,8,30,0,30,0,30,650,60,24,0.39,0.22,1.57,0.017,0.018,0.05,0.13,0.06,0,480,0.01,0,0.01,397
870,845,30,8,30,0,30,0,30,650,60,24,0.38,0.27,1.52,0.012,0.007,0.03,0.13,0.07,0,610,0.03,0,0.01,385
870,845,30,8,30,0,30,0,30,650,60,24,0.4,0.25,1.34,0.017,0.015,0.02,0.13,0.02,0,1740,0.06,0,0.01,425
870,845,30,8,30,0,30,0,30,650,60,24,0.4,0.22,1.56,0.011,0.019,0.06,0.09,0.05,0,530,0.02,0,0.01,396
870,845,30,8,30,0,30,0,30,650,60,24,0.41,0.24,1.51,0.02,0.008,0.04,0.22,0.08,0,610,0.02,0.01,0.02,380
870,845,30,8,30,0,30,0,30,650,60,24,0.38,0.21,1.59,0.017,0.015,0.03,0.2,0.05,0,480,0.02,0,0,363
870,845,30,8,30,0,30,0,30,650,60,24,0.4,0.25,1.38,0.017,0.012,0.02,0.03,0.02,0,1740,0.06,0,0.01,398
870,845,30,8,30,0,30,0,30,550,60,24,0.42,0.23,1.5,0.01,0.009,0.04,0.15,0.05,0,820,0.03,0,0,505
870,845,30,8,30,0,30,0,30,550,60,24,0.43,0.34,1.38,0.017,0.01,0.08,0.26,0.1,0,1100,0.03,0,0,536
870,845,30,8,30,0,30,0,30,550,60,24,0.42,0.21,1.6,0.014,0.015,0.03,0.12,0.07,0,480,0.02,0,0,484
870,845,30,8,30,0,30,0,30,550,60,24,0.42,0.24,1.58,0.014,0.022,0.06,0.17,0.07,0,480,0.02,0,0,495
870,845,30,8,30,0,30,0,30,550,60,24,0.42,0.21,1.51,0.026,0.019,0.02,0.12,0.01,0,1510,0,0,0.03,551
870,845,30,8,30,0,30,0,30,550,60,24,0.45,0.33,1.58,0.008,0.007,0.06,0.1,0.08,0,740,0.02,0,0.01,477
870,845,30,8,30,0,30,0,30,550,60,24,0.41,0.34,1.36,0.02,0.015,0.07,0.27,0.1,0,1100,0.04,0,0,530
870,845,30,8,30,0,30,0,30,550,60,24,0.4,0.25,1.47,0.027,0.016,0.02,0.04,0.01,0,1510,0,0,0.02,516
870,845,30,8,30,0,30,0,30,550,60,24,0.41,0.22,1.48,0.01,0.007,0.03,0.08,0.06,0,820,0.02,0,0.01,445
870,845,30,8,30,0,30,0,30,550,60,24,0.46,0.3,1.49,0.014,0.008,0.1,0.26,0.1,0,1100,0.03,0,0,551
870,845,30,8,30,0,30,0,30,550,60,24,0.43,0.26,1.46,0.012,0.017,0.02,0.19,0.02,0,1740,0.07,0,0,510
870,845,30,8,30,0,30,0,30,550,60,24,0.41,0.22,1.58,0.014,0.018,0.04,0.13,0.05,0,480,0.02,0,0,443
870,845,30,8,30,0,30,0,30,600,60,24,0.42,0.23,1.5,0.01,0.009,0.04,0.15,0.05,0,820,0.03,0,0,449
870,845,30,8,30,0,30,0,30,600,60,24,0.43,0.34,1.38,0.017,0.01,0.08,0.26,0.1,0,1100,0.03,0,0,502
870,845,30,8,30,0,30,0,30,600,60,24,0.42,0.21,1.6,0.014,0.015,0.03,0.12,0.07,0,480,0.02,0,0,451
870,845,30,8,30,0,30,0,30,600,60,24,0.42,0.24,1.58,0.014,0.022,0.06,0.17,0.07,0,480,0.02,0,0,459
870,845,30,8,30,0,30,0,30,600,60,24,0.42,0.21,1.51,0.026,0.019,0.02,0.12,0.01,0,1510,0,0,0.03,497
870,845,30,8,30,0,30,0,30,600,60,24,0.45,0.33,1.58,0.008,0.007,0.06,0.1,0.08,0,740,0.02,0,0.01,451
870,845,30,8,30,0,30,0,30,600,60,24,0.41,0.34,1.36,0.02,0.015,0.07,0.27,0.1,0,1100,0.04,0,0,497
870,845,30,8,30,0,30,0,30,600,60,24,0.4,0.25,1.47,0.027,0.016,0.02,0.04,0.01,0,1510,0,0,0.02,461
870,845,30,8,30,0,30,0,30,600,60,24,0.41,0.22,1.48,0.01,0.007,0.03,0.08,0.06,0,820,0.02,0,0.01,399
870,845,30,8,30,0,30,0,30,600,60,24,0.46,0.3,1.49,0.014,0.008,0.1,0.26,0.1,0,1100,0.03,0,0,502
870,845,30,8,30,0,30,0,30,600,60,24,0.43,0.26,1.46,0.012,0.017,0.02,0.19,0.02,0,1740,0.07,0,0,490
870,845,30,8,30,0,30,0,30,600,60,24,0.41,0.22,1.58,0.014,0.018,0.04,0.13,0.05,0,480,0.02,0,0,424
870,845,30,8,30,0,30,0,30,650,60,24,0.42,0.23,1.5,0.01,0.009,0.04,0.15,0.05,0,820,0.03,0,0,411
870,845,30,8,30,0,30,0,30,650,60,24,0.43,0.34,1.38,0.017,0.01,0.08,0.26,0.1,0,1100,0.03,0,0,448
870,845,30,8,30,0,30,0,30,650,60,24,0.42,0.21,1.6,0.014,0.015,0.03,0.12,0.07,0,480,0.02,0,0,404
870,845,30,8,30,0,30,0,30,650,60,24,0.42,0.24,1.58,0.014,0.022,0.06,0.17,0.07,0,480,0.02,0,0,411
870,845,30,8,30,0,30,0,30,650,60,24,0.42,0.21,1.51,0.026,0.019,0.02,0.12,0.01,0,1510,0,0,0.03,438
870,845,30,8,30,0,30,0,30,650,60,24,0.45,0.33,1.58,0.008,0.007,0.06,0.1,0.08,0,740,0.02,0,0.01,410
870,845,30,8,30,0,30,0,30,650,60,24,0.41,0.34,1.36,0.02,0.015,0.07,0.27,0.1,0,1100,0.04,0,0,450
870,845,30,8,30,0,30,0,30,650,60,24,0.4,0.25,1.47,0.027,0.016,0.02,0.04,0.01,0,1510,0,0,0.02,410
870,845,30,8,30,0,30,0,30,650,60,24,0.41,0.22,1.48,0.01,0.007,0.03,0.08,0.06,0,820,0.02,0,0.01,383
870,845,30,8,30,0,30,0,30,650,60,24,0.46,0.3,1.49,0.014,0.008,0.1,0.26,0.1,0,1100,0.03,0,0,460
870,845,30,8,30,0,30,0,30,650,60,24,0.43,0.26,1.46,0.012,0.017,0.02,0.19,0.02,0,1740,0.07,0,0,442
870,845,30,8,30,0,30,0,30,650,60,24,0.41,0.22,1.58,0.014,0.018,0.04,0.13,0.05,0,480,0.02,0,0,399
900,845,30,8,30,0,30,0,30,550,60,24,0.32,0.3,0.49,0.008,0.006,2.66,0.82,0.09,0,610,0,0,0.01,563
900,845,30,8,30,0,30,0,30,550,60,24,0.32,0.24,0.58,0.009,0.01,2.65,0.71,0.06,0,700,0.01,0.01,0.03,530
900,845,30,8,30,0,30,0,30,550,60,24,0.32,0.29,0.54,0.018,0.004,2.64,0.75,0.05,0,420,0,0,0.02,570
900,845,30,8,30,0,30,0,30,550,60,24,0.35,0.26,0.54,0.019,0.003,2.78,0.89,0.05,0,420,0,0,0.02,578
900,845,30,8,30,0,30,0,30,550,60,24,0.31,0.22,0.56,0.016,0.016,2.63,0.71,0.1,0,700,0.01,0,0.01,537
900,845,30,8,30,0,30,0,30,550,60,24,0.33,0.3,0.49,0.009,0.006,2.66,0.82,0.06,0,820,0.01,0,0.01,569
900,845,30,8,30,0,30,0,30,550,60,24,0.28,0.27,0.53,0.019,0.009,2.67,0.87,0.05,0,420,0.02,0,0.02,576
900,845,30,8,30,0,30,0,30,550,60,24,0.34,0.26,0.65,0.01,0.009,2.63,0.84,0.05,0,700,0.01,0,0.01,549
900,845,30,8,30,0,30,0,30,550,60,24,0.3,0.27,0.53,0.018,0.008,2.7,0.81,0.07,0,820,0.01,0,0.01,522
900,845,30,8,30,0,30,0,30,550,60,24,0.32,0.3,0.52,0.013,0.009,2.67,0.77,0.06,0,1740,0.03,0,0,570
900,845,30,8,30,0,30,0,30,600,60,24,0.32,0.3,0.49,0.008,0.006,2.66,0.82,0.09,0,610,0,0,0.01,510
900,845,30,8,30,0,30,0,30,600,60,24,0.32,0.24,0.58,0.009,0.01,2.65,0.71,0.06,0,700,0.01,0.01,0.03,510
900,845,30,8,30,0,30,0,30,600,60,24,0.32,0.29,0.54,0.018,0.004,2.64,0.75,0.05,0,420,0,0,0.02,517
900,845,30,8,30,0,30,0,30,600,60,24,0.35,0.26,0.54,0.019,0.003,2.78,0.89,0.05,0,420,0,0,0.02,540
900,845,30,8,30,0,30,0,30,600,60,24,0.31,0.22,0.56,0.016,0.016,2.63,0.71,0.1,0,700,0.01,0,0.01,518
900,845,30,8,30,0,30,0,30,600,60,24,0.33,0.3,0.49,0.009,0.006,2.66,0.82,0.06,0,820,0.01,0,0.01,523
900,845,30,8,30,0,30,0,30,600,60,24,0.28,0.27,0.53,0.019,0.009,2.67,0.87,0.05,0,420,0.02,0,0.02,537
900,845,30,8,30,0,30,0,30,600,60,24,0.34,0.26,0.65,0.01,0.009,2.63,0.84,0.05,0,700,0.01,0,0.01,536
900,845,30,8,30,0,30,0,30,600,60,24,0.3,0.27,0.53,0.018,0.008,2.7,0.81,0.07,0,820,0.01,0,0.01,503
900,845,30,8,30,0,30,0,30,600,60,24,0.32,0.3,0.52,0.013,0.009,2.67,0.77,0.06,0,1740,0.03,0,0,540
900,845,30,8,30,0,30,0,30,650,60,24,0.32,0.3,0.49,0.008,0.006,2.66,0.82,0.09,0,610,0,0,0.01,490
900,845,30,8,30,0,30,0,30,650,60,24,0.32,0.24,0.58,0.009,0.01,2.65,0.71,0.06,0,700,0.01,0.01,0.03,477
900,845,30,8,30,0,30,0,30,650,60,24,0.32,0.29,0.54,0.018,0.004,2.64,0.75,0.05,0,420,0,0,0.02,483
900,845,30,8,30,0,30,0,30,650,60,24,0.35,0.26,0.54,0.019,0.003,2.78,0.89,0.05,0,420,0,0,0.02,503
900,845,30,8,30,0,30,0,30,650,60,24,0.31,0.22,0.56,0.016,0.016,2.63,0.71,0.1,0,700,0.01,0,0.01,471
900,845,30,8,30,0,30,0,30,650,60,24,0.33,0.3,0.49,0.009,0.006,2.66,0.82,0.06,0,820,0.01,0,0.01,476
900,845,30,8,30,0,30,0,30,650,60,24,0.28,0.27,0.53,0.019,0.009,2.67,0.87,0.05,0,420,0.02,0,0.02,502
900,845,30,8,30,0,30,0,30,650,60,24,0.34,0.26,0.65,0.01,0.009,2.63,0.84,0.05,0,700,0.01,0,0.01,496
900,845,30,8,30,0,30,0,30,650,60,24,0.3,0.27,0.53,0.018,0.008,2.7,0.81,0.07,0,820,0.01,0,0.01,471
900,845,30,8,30,0,30,0,30,650,60,24,0.32,0.3,0.52,0.013,0.009,2.67,0.77,0.06,0,1740,0.03,0,0,497
870,845,30,8,30,0,30,0,30,580,60,24,0.39,0.19,0.77,0.01,0.012,1.67,0.72,0.07,0.18,640,0.01,0,0,591
870,845,30,8,30,0,30,0,30,580,60,24,0.4,0.23,0.7,0.011,0.01,1.82,0.78,0.09,0.18,740,0.05,0,0.01,590
870,845,30,8,30,0,30,0,30,580,60,24,0.4,0.29,0.79,0.022,0.009,1.92,0.96,0.05,0.24,420,0.03,0,0.01,606
870,845,30,8,30,0,30,0,30,580,60,24,0.4,0.25,0.7,0.021,0.02,1.63,0.71,0.08,0.17,590,0.07,0,0.01,584
870,845,30,8,30,0,30,0,30,580,60,24,0.38,0.26,0.71,0.016,0.017,1.8,0.75,0.04,0.23,5530,0.08,0,0.01,604
870,845,30,8,30,0,30,0,30,580,60,24,0.4,0.33,0.73,0.011,0.012,1.71,0.74,0.08,0.2,1290,0.06,0,0,591
870,845,30,8,30,0,30,0,30,580,60,24,0.42,0.25,0.73,0.012,0.021,1.69,0.73,0.09,0.22,640,0.02,0.01,0.01,588
870,845,30,8,30,0,30,0,30,580,60,24,0.38,0.26,0.71,0.016,0.008,1.66,0.72,0.12,0.16,590,0.06,0.01,0,588
870,845,30,8,30,0,30,0,30,580,60,24,0.41,0.29,0.74,0.013,0.01,1.84,0.74,0.12,0.22,820,0.04,0,0,550
870,845,30,8,30,0,30,0,30,580,60,24,0.39,0.25,0.71,0.015,0.013,1.76,0.82,0.09,0.23,640,0.03,0,0,609
870,845,30,8,30,0,30,0,30,580,60,24,0.38,0.29,0.7,0.012,0.008,1.75,0.74,0.07,0.19,820,0.04,0.01,0.01,604
870,845,30,8,30,0,30,0,30,580,60,24,0.42,0.3,0.78,0.016,0.004,1.9,0.86,0.04,0.24,420,0.03,0,0,619
870,845,30,8,30,0,30,0,30,580,60,24,0.37,0.29,0.76,0.017,0.01,1.88,0.9,0.03,0.24,420,0.07,0,0.01,643
870,845,30,8,30,0,30,0,30,580,60,24,0.43,0.26,0.68,0.012,0.018,1.62,0.68,0.09,0.17,590,0.07,0,0,569
870,845,30,8,30,0,30,0,30,630,60,24,0.39,0.19,0.77,0.01,0.012,1.67,0.72,0.07,0.18,640,0.01,0,0,551
870,845,30,8,30,0,30,0,30,630,60,24,0.4,0.23,0.7,0.011,0.01,1.82,0.78,0.09,0.18,740,0.05,0,0.01,543
870,845,30,8,30,0,30,0,30,630,60,24,0.4,0.29,0.79,0.022,0.009,1.92,0.96,0.05,0.24,420,0.03,0,0.01,543
870,845,30,8,30,0,30,0,30,630,60,24,0.4,0.25,0.7,0.021,0.02,1.63,0.71,0.08,0.17,590,0.07,0,0.01,524
870,845,30,8,30,0,30,0,30,630,60,24,0.38,0.26,0.71,0.016,0.017,1.8,0.75,0.04,0.23,5530,0.08,0,0.01,571
870,845,30,8,30,0,30,0,30,630,60,24,0.4,0.33,0.73,0.011,0.012,1.71,0.74,0.08,0.2,1290,0.06,0,0,542
870,845,30,8,30,0,30,0,30,630,60,24,0.42,0.25,0.73,0.012,0.021,1.69,0.73,0.09,0.22,640,0.02,0.01,0.01,531
870,845,30,8,30,0,30,0,30,630,60,24,0.38,0.26,0.71,0.016,0.008,1.66,0.72,0.12,0.16,590,0.06,0.01,0,531
870,845,30,8,30,0,30,0,30,630,60,24,0.41,0.29,0.74,0.013,0.01,1.84,0.74,0.12,0.22,820,0.04,0,0,512
870,845,30,8,30,0,30,0,30,630,60,24,0.39,0.25,0.71,0.015,0.013,1.76,0.82,0.09,0.23,640,0.03,0,0,563
870,845,30,8,30,0,30,0,30,630,60,24,0.38,0.29,0.7,0.012,0.008,1.75,0.74,0.07,0.19,820,0.04,0.01,0.01,550
870,845,30,8,30,0,30,0,30,630,60,24,0.42,0.3,0.78,0.016,0.004,1.9,0.86,0.04,0.24,420,0.03,0,0,583
870,845,30,8,30,0,30,0,30,630,60,24,0.37,0.29,0.76,0.017,0.01,1.88,0.9,0.03,0.24,420,0.07,0,0.01,583
870,845,30,8,30,0,30,0,30,630,60,24,0.43,0.26,0.68,0.012,0.018,1.62,0.68,0.09,0.17,590,0.07,0,0,550
870,845,30,8,30,0,30,0,30,680,60,24,0.39,0.19,0.77,0.01,0.012,1.67,0.72,0.07,0.18,640,0.01,0,0,482
870,845,30,8,30,0,30,0,30,680,60,24,0.4,0.23,0.7,0.011,0.01,1.82,0.78,0.09,0.18,740,0.05,0,0.01,482
870,845,30,8,30,0,30,0,30,680,60,24,0.4,0.29,0.79,0.022,0.009,1.92,0.96,0.05,0.24,420,0.03,0,0.01,490
870,845,30,8,30,0,30,0,30,680,60,24,0.4,0.25,0.7,0.021,0.02,1.63,0.71,0.08,0.17,590,0.07,0,0.01,476
870,845,30,8,30,0,30,0,30,680,60,24,0.38,0.26,0.71,0.016,0.017,1.8,0.75,0.04,0.23,5530,0.08,0,0.01,483
870,845,30,8,30,0,30,0,30,680,60,24,0.4,0.33,0.73,0.011,0.012,1.71,0.74,0.08,0.2,1290,0.06,0,0,480
870,845,30,8,30,0,30,0,30,680,60,24,0.42,0.25,0.73,0.012,0.021,1.69,0.73,0.09,0.22,640,0.02,0.01,0.01,491
870,845,30,8,30,0,30,0,30,680,60,24,0.38,0.26,0.71,0.016,0.008,1.66,0.72,0.12,0.16,590,0.06,0.01,0,471
870,845,30,8,30,0,30,0,30,680,60,24,0.41,0.29,0.74,0.013,0.01,1.84,0.74,0.12,0.22,820,0.04,0,0,469
870,845,30,8,30,0,30,0,30,680,60,24,0.39,0.25,0.71,0.015,0.013,1.76,0.82,0.09,0.23,640,0.03,0,0,490
870,845,30,8,30,0,30,0,30,680,60,24,0.38,0.29,0.7,0.012,0.008,1.75,0.74,0.07,0.19,820,0.04,0.01,0.01,483
870,845,30,8,30,0,30,0,30,680,60,24,0.42,0.3,0.78,0.016,0.004,1.9,0.86,0.04,0.24,420,0.03,0,0,498
870,845,30,8,30,0,30,0,30,680,60,24,0.37,0.29,0.76,0.017,0.01,1.88,0.9,0.03,0.24,420,0.07,0,0.01,491
870,845,30,8,30,0,30,0,30,680,60,24,0.43,0.26,0.68,0.012,0.018,1.62,0.68,0.09,0.17,590,0.07,0,0,463
870,845,30,8,30,0,30,0,30,580,60,24,0.47,0.28,0.72,0.011,0.007,1.76,0.79,0.06,0,740,0.03,0,0.01,600
870,845,30,8,30,0,30,0,30,580,60,24,0.47,0.19,0.76,0.013,0.013,1.67,0.71,0.06,0,640,0.02,0,0,615
870,845,30,8,30,0,30,0,30,580,60,24,0.44,0.25,0.74,0.01,0.009,1.74,0.79,0.09,0,820,0.02,0,0.02,607
870,845,30,8,30,0,30,0,30,580,60,24,0.45,0.16,0.79,0.009,0.016,1.65,0.73,0.05,0,640,0.01,0,0,596
870,845,30,8,30,0,30,0,30,580,60,24,0.48,0.2,0.7,0.01,0.016,1.66,0.73,0.11,0,640,0.03,0,0,618
870,845,30,8,30,0,30,0,30,580,60,24,0.49,0.29,0.69,0.014,0.011,1.8,0.77,0.07,0,820,0.06,0,0.01,585
870,845,30,8,30,0,30,0,30,630,60,24,0.47,0.28,0.72,0.011,0.007,1.76,0.79,0.06,0,740,0.03,0,0.01,551
870,845,30,8,30,0,30,0,30,630,60,24,0.47,0.19,0.76,0.013,0.013,1.67,0.71,0.06,0,640,0.02,0,0,556
870,845,30,8,30,0,30,0,30,630,60,24,0.44,0.25,0.74,0.01,0.009,1.74,0.79,0.09,0,820,0.02,0,0.02,550
870,845,30,8,30,0,30,0,30,630,60,24,0.45,0.16,0.79,0.009,0.016,1.65,0.73,0.05,0,640,0.01,0,0,537
870,845,30,8,30,0,30,0,30,630,60,24,0.48,0.2,0.7,0.01,0.016,1.66,0.73,0.11,0,640,0.03,0,0,543
870,845,30,8,30,0,30,0,30,630,60,24,0.49,0.29,0.69,0.014,0.011,1.8,0.77,0.07,0,820,0.06,0,0.01,543
870,845,30,8,30,0,30,0,30,680,60,24,0.47,0.28,0.72,0.011,0.007,1.76,0.79,0.06,0,740,0.03,0,0.01,471
870,845,30,8,30,0,30,0,30,680,60,24,0.47,0.19,0.76,0.013,0.013,1.67,0.71,0.06,0,640,0.02,0,0,476
870,845,30,8,30,0,30,0,30,680,60,24,0.44,0.25,0.74,0.01,0.009,1.74,0.79,0.09,0,820,0.02,0,0.02,482
870,845,30,8,30,0,30,0,30,680,60,24,0.45,0.16,0.79,0.009,0.016,1.65,0.73,0.05,0,640,0.01,0,0,477
870,845,30,8,30,0,30,0,30,680,60,24,0.48,0.2,0.7,0.01,0.016,1.66,0.73,0.11,0,640,0.03,0,0,491
870,845,30,8,30,0,30,0,30,680,60,24,0.49,0.29,0.69,0.014,0.011,1.8,0.77,0.07,0,820,0.06,0,0.01,479
845,845,30,8,30,0,30,0,30,430,60,24,0.6,1.96,0.85,0.019,0.004,0.05,0.15,0.12,0,721,0.017,0,0.021,781
845,845,30,8,30,0,30,0,30,430,60,24,0.59,1.99,0.92,0.027,0.01,0.01,0.15,0.01,0,1228,0.04,0,0,698
845,845,30,8,30,0,30,0,30,430,60,24,0.61,2.05,0.86,0.019,0.014,0.16,0.16,0.12,0,1455,0.07,0,0.01,906
845,845,30,8,30,0,30,0,30,500,60,24,0.6,1.96,0.85,0.019,0.004,0.05,0.15,0.12,0,721,0.017,0,0.021,740
845,845,30,8,30,0,30,0,30,500,60,24,0.59,1.99,0.92,0.027,0.01,0.01,0.15,0.01,0,1228,0.04,0,0,678
845,845,30,8,30,0,30,0,30,500,60,24,0.61,2.05,0.86,0.019,0.014,0.16,0.16,0.12,0,1455,0.07,0,0.01,770
845,845,30,8,30,0,30,0,30,420,60,24,0.61,0.28,0.87,0.019,0.02,0.08,0.87,0.2,0.05,622,0.067,0,0.012,794
845,845,30,8,30,0,30,0,30,420,60,24,0.63,0.17,0.77,0.026,0.014,0.03,0.81,0.02,0.01,289,0.05,0,0,855
845,845,30,8,30,0,30,0,30,420,60,24,0.62,0.29,0.88,0.026,0.007,0.05,0.75,0.12,0.03,796,0.058,0,0.004,768
845,845,30,8,30,0,30,0,30,490,60,24,0.61,0.28,0.87,0.019,0.02,0.08,0.87,0.2,0.05,622,0.067,0,0.012,745
845,845,30,8,30,0,30,0,30,490,60,24,0.63,0.17,0.77,0.026,0.014,0.03,0.81,0.02,0.01,289,0.05,0,0,707
845,845,30,8,30,0,30,0,30,490,60,24,0.62,0.29,0.88,0.026,0.007,0.05,0.75,0.12,0.03,796,0.058,0,0.004,718
845,845,30,8,30,0,30,0,30,430,60,24,0.53,1.49,0.69,0.011,0.007,0.02,0.74,0.01,0,925,0.03,0,0,874
845,845,30,8,30,0,30,0,30,430,60,24,0.53,1.31,0.75,0.004,0.004,0.04,0.63,0.06,0.01,1455,0.02,0.01,0.01,829
845,845,30,8,30,0,30,0,30,430,60,24,0.53,1.51,0.68,0.013,0.011,0.13,0.68,0.26,0.05,622,0.05,0,0.058,700
845,845,30,8,30,0,30,0,30,500,60,24,0.54,1.5,0.69,0.013,0.007,0.02,0.74,0.01,0,925,0.03,0,0,806
845,845,30,8,30,0,30,0,30,500,60,24,0.53,1.31,0.75,0.007,0.003,0.04,0.64,0.06,0.01,1455,0.02,0.01,0.01,720
845,845,30,8,30,0,30,0,30,500,60,24,0.53,1.5,0.67,0.014,0.011,0.13,0.67,0.26,0.05,622,0.05,0,0.058,688
930,30,0,0,930,139.8,850,15,60,160,120,0.5,0.21,0.29,0.62,0.015,0.016,1.62,0.59,0.07,0.21,440,0.008,0,0,1034
930,30,0,0,930,139.8,850,15,60,160,120,0.5,0.23,0.35,0.51,0.008,0.012,1.69,0.55,0.11,0.18,860,0.07,0.01,0,1139
930,30,0,0,930,139.8,850,15,60,160,120,0.5,0.17,0.28,0.55,0.002,0.016,1.64,0.45,0.05,0.16,440,0.017,0,0.008,1002
930,30,0,0,930,469.8,850,15,60,160,120,0.5,0.21,0.29,0.62,0.015,0.016,1.62,0.59,0.07,0.21,440,0.008,0,0,1056
930,30,0,0,930,469.8,850,15,60,160,120,0.5,0.23,0.35,0.51,0.008,0.012,1.69,0.55,0.11,0.18,860,0.07,0.01,0,1124
930,30,0,0,930,469.8,850,15,60,160,120,0.5,0.17,0.28,0.55,0.002,0.016,1.64,0.45,0.05,0.16,440,0.017,0,0.008,1082
930,30,0,0,930,540,850,15,140,160,120,0.5,0.21,0.29,0.62,0.015,0.016,1.62,0.59,0.07,0.21,440,0.008,0,0,1054
930,30,0,0,930,540,850,15,140,160,120,0.5,0.23,0.35,0.51,0.008,0.012,1.69,0.55,0.11,0.18,860,0.07,0.01,0,1190
930,30,0,0,930,540,850,15,140,160,120,0.5,0.17,0.28,0.55,0.002,0.016,1.64,0.45,0.05,0.16,440,0.017,0,0.008,935
930,30,0,0,930,469.8,850,15,60,200,120,0.5,0.21,0.29,0.62,0.015,0.016,1.62,0.59,0.07,0.21,440,0.008,0,0,1037
930,30,0,0,930,469.8,850,15,60,200,120,0.5,0.23,0.35,0.51,0.008,0.012,1.69,0.55,0.11,0.18,860,0.07,0.01,0,1110
930,30,0,0,930,469.8,850,15,60,200,120,0.5,0.17,0.28,0.55,0.002,0.016,1.64,0.45,0.05,0.16,440,0.017,0,0.008,1035
930,30,0,0,930,130.2,882.381,25.2,60,160,120,0.5,0.2,0.32,0.77,0.024,0.028,0.46,0.47,0.2,0.19,390,0.046,0,0,927
930,30,0,0,930,130.2,882.381,25.2,60,160,120,0.5,0.23,0.29,0.85,0.011,0.011,0.44,0.6,0.07,0.16,440,0.013,0,0,976
930,30,0,0,930,130.2,882.381,25.2,60,160,120,0.5,0.18,0.26,0.76,0.009,0.014,0.56,0.62,0.12,0.17,690,0.06,0,0,986
930,30,0,0,930,450,895.517,34.8,60,160,120,0.5,0.2,0.32,0.77,0.024,0.028,0.46,0.47,0.2,0.19,390,0.046,0,0,956
930,30,0,0,930,450,895.517,34.8,60,160,120,0.5,0.23,0.29,0.85,0.011,0.011,0.44,0.6,0.07,0.16,440,0.013,0,0,946
930,30,0,0,930,450,895.517,34.8,60,160,120,0.5,0.18,0.26,0.76,0.009,0.014,0.56,0.62,0.12,0.17,690,0.06,0,0,1089
930,30,0,0,930,510,903.333,45,140,160,120,0.5,0.2,0.32,0.77,0.024,0.028,0.46,0.47,0.2,0.19,390,0.046,0,0,960
930,30,0,0,930,510,903.333,45,140,160,120,0.5,0.23,0.29,0.85,0.011,0.011,0.44,0.6,0.07,0.16,440,0.013,0,0,1033
930,30,0,0,930,510,903.333,45,140,160,120,0.5,0.18,0.26,0.76,0.009,0.014,0.56,0.62,0.12,0.17,690,0.06,0,0,1080
930,30,0,0,930,450,895.517,34.8,60,200,120,0.5,0.2,0.32,0.77,0.024,0.028,0.46,0.47,0.2,0.19,390,0.046,0,0,924
930,30,0,0,930,450,895.517,34.8,60,200,120,0.5,0.23,0.29,0.85,0.011,0.011,0.44,0.6,0.07,0.16,440,0.013,0,0,1009
930,30,0,0,930,450,895.517,34.8,60,200,120,0.5,0.18,0.26,0.76,0.009,0.014,0.56,0.62,0.12,0.17,690,0.06,0,0,1053
930,30,0,0,930,100.2,895.517,34.8,60,160,120,0.5,0.21,0.3,0.76,0.021,0.006,0.08,1.09,0.14,0.03,460,0.025,0,0.004,854
930,30,0,0,930,100.2,895.517,34.8,60,160,120,0.5,0.23,0.2,0.8,0.013,0.018,0.04,1.14,0.07,0.02,690,0.07,0,0.01,1086
930,30,0,0,930,100.2,895.517,34.8,60,160,120,0.5,0.19,0.21,0.77,0.017,0.011,0.12,1.02,0.16,0.05,390,0.025,0.004,0,889
930,30,0,0,930,499.8,895.812,70.2,60,160,120,0.5,0.21,0.3,0.76,0.021,0.006,0.08,1.09,0.14,0.03,460,0.025,0,0.004,884
930,30,0,0,930,499.8,895.812,70.2,60,160,120,0.5,0.23,0.2,0.8,0.013,0.018,0.04,1.14,0.07,0.02,690,0.07,0,0.01,1057
930,30,0,0,930,499.8,895.812,70.2,60,160,120,0.5,0.19,0.21,0.77,0.017,0.011,0.12,1.02,0.16,0.05,390,0.025,0.004,0,900
930,30,0,0,930,529.8,895.812,70.2,140,160,120,0.5,0.21,0.3,0.76,0.021,0.006,0.08,1.09,0.14,0.03,460,0.025,0,0.004,876
930,30,0,0,930,529.8,895.812,70.2,140,160,120,0.5,0.23,0.2,0.8,0.013,0.018,0.04,1.14,0.07,0.02,690,0.07,0,0.01,1068
930,30,0,0,930,529.8,895.812,70.2,140,160,120,0.5,0.19,0.21,0.77,0.017,0.011,0.12,1.02,0.16,0.05,390,0.025,0.004,0,838
930,30,0,0,930,499.8,895.812,70.2,60,200,120,0.5,0.21,0.3,0.76,0.021,0.006,0.08,1.09,0.14,0.03,460,0.025,0,0.004,873
930,30,0,0,930,499.8,895.812,70.2,60,200,120,0.5,0.23,0.2,0.8,0.013,0.018,0.04,1.14,0.07,0.02,690,0.07,0,0.01,1120
930,30,0,0,930,499.8,895.812,70.2,60,200,120,0.5,0.19,0.21,0.77,0.017,0.011,0.12,1.02,0.16,0.05,390,0.025,0.004,0,898
930,30,0,0,930,90,881.807,49.8,60,160,120,0.5,0.21,0.31,0.81,0.012,0.019,0.06,1.17,0.07,0.17,690,0.08,0,0,1074
930,30,0,0,930,90,881.807,49.8,60,160,120,0.5,0.21,0.26,0.65,0.015,0.024,0.02,0.91,0.01,0.15,240,0.05,0.01,0,1006
930,30,0,0,930,90,881.807,49.8,60,160,120,0.5,0.18,0.25,0.79,0.016,0.015,0.07,1.08,0.08,0.15,530,0.017,0.004,0.008,858
930,30,0,0,930,340.2,895.812,70.2,60,160,120,0.5,0.21,0.31,0.81,0.012,0.019,0.06,1.17,0.07,0.17,690,0.08,0,0,1144
930,30,0,0,930,340.2,895.812,70.2,60,160,120,0.5,0.21,0.26,0.65,0.015,0.024,0.02,0.91,0.01,0.15,240,0.05,0.01,0,1028
930,30,0,0,930,340.2,895.812,70.2,60,160,120,0.5,0.18,0.25,0.79,0.016,0.015,0.07,1.08,0.08,0.15,530,0.017,0.004,0.008,948
930,30,0,0,930,340.2,895.812,70.2,140,160,120,0.5,0.21,0.31,0.81,0.012,0.019,0.06,1.17,0.07,0.17,690,0.08,0,0,1080
930,30,0,0,930,340.2,895.812,70.2,140,160,120,0.5,0.21,0.26,0.65,0.015,0.024,0.02,0.91,0.01,0.15,240,0.05,0.01,0,1030
930,30,0,0,930,340.2,895.812,70.2,140,160,120,0.5,0.18,0.25,0.79,0.016,0.015,0.07,1.08,0.08,0.15,530,0.017,0.004,0.008,957
930,30,0,0,930,340.2,895.812,70.2,60,200,120,0.5,0.21,0.31,0.81,0.012,0.019,0.06,1.17,0.07,0.17,690,0.08,0,0,1104
930,30,0,0,930,340.2,895.812,70.2,60,200,120,0.5,0.21,0.26,0.65,0.015,0.024,0.02,0.91,0.01,0.15,240,0.05,0.01,0,1008
930,30,0,0,930,340.2,895.812,70.2,60,200,120,0.5,0.18,0.25,0.79,0.016,0.015,0.07,1.08,0.08,0.15,530,0.017,0.004,0.008,882